Exp1;Exp2;Exp3;Exp4;Exp5;Exp6;Exp7;Exp8;Exp9;Exp10;Exp11;Exp12;Exp13;Exp14;Exp15;Exp16;Exp17;Exp18;Exp19;Exp20;Exp21;Exp22;Exp23;Exp24;Exp25
1,09;0,68;5,35;2,85;2,29;1,99;4,53;4,16;3,86;0,17;1,45;10,02;9,88;0,96;0,09;4,29;1,65;17,95;1,13;0,75;4,82;1,22;0,06;6,03;2,27
6,28;6,83;1,25;1,52;1,96;4,82;2,36;5,86;3,27;7,35;0,51;0,21;2,13;4,18;4,60;1,92;17,89;0,22;7,31;1,92;1,71;7,05;6,90;0,32;5,06
5,12;3,87;2,76;5,66;2,24;4,09;9,02;0,87;2,82;0,05;6,18;0,37;0,00;0,63;2,72;1,05;1,26;0,72;3,84;11,71;6,72;8,20;14,05;12,46;7,35
0,08;4,86;2,82;2,05;3,64;4,61;1,12;16,15;2,36;0,50;3,46;3,72;0,15;1,40;1,97;9,21;3,28;4,35;4,38;1,76;0,57;5,65;3,87;3,34;3,08
2,78;8,75;2,01;14,25;1,49;5,92;1,45;3,61;1,31;5,62;2,74;0,91;9,56;0,69;10,99;6,43;1,01;5,81;1,19;4,79;13,67;4,55;6,69;9,73;2,87
10,43;12,04;4,95;0,61;7,43;2,56;13,06;1,30;6,66;2,19;0,56;8,81;4,39;3,05;2,24;0,61;0,70;3,66;0,67;3,39;1,08;0,51;4,57;0,56;0,61
5,87;1,92;3,59;2,04;10,56;0,78;2,78;1,33;1,67;3,59;2,13;17,31;1,41;15,41;2,00;4,77;3,64;2,97;1,89;0,63;6,33;8,66;1,16;10,39;3,45
2,82;2,87;2,09;1,79;1,22;1,66;3,78;5,07;2,90;4,50;0,12;1,01;3,11;3,18;0,96;0,88;4,57;7,22;2,89;3,34;0,63;6,11;0,56;6,49;4,36
8,47;0,97;0,42;4,93;1,76;0,03;2,07;1,82;0,11;7,56;5,80;10,06;3,01;5,25;2,39;1,11;0,68;3,22;24,21;5,10;1,96;2,02;4,34;0,74;12,99
0,96;2,06;1,89;7,13;4,53;7,64;3,43;9,10;6,37;1,38;3,68;5,88;9,95;5,41;6,57;2,66;6,19;0,91;0,63;0,86;0,10;4,23;1,76;7,93;0,04
11,20;1,88;12,15;7,44;3,41;11,72;1,07;8,43;0,05;3,61;1,23;2,66;1,22;2,34;0,49;7,26;3,31;15,67;6,24;0,19;2,07;0,36;0,17;4,09;3,78
4,98;4,04;2,36;2,52;0,77;0,26;5,73;3,36;3,78;6,20;2,75;6,02;3,63;0,46;0,91;4,59;4,45;4,73;5,97;0,22;3,04;2,98;1,81;0,62;0,45
2,17;7,57;0,66;9,62;5,48;9,47;7,00;9,06;0,11;0,74;11,31;0,17;2,97;3,87;2,36;4,78;13,84;3,11;0,59;6,96;0,81;2,25;0,98;1,58;3,87
0,25;1,49;10,19;3,17;0,86;0,92;4,39;3,10;2,56;0,84;3,08;4,37;10,57;1,37;0,16;0,74;1,18;9,49;0,33;7,24;0,05;0,03;0,51;9,90;4,44
18,11;2,40;1,63;0,79;0,49;0,11;0,98;0,12;3,13;8,29;4,61;1,19;0,87;4,43;1,96;0,81;6,85;12,86;1,81;13,57;6,13;2,22;0,68;0,70;6,45
1,77;21,75;1,17;9,47;3,89;1,18;4,70;0,65;5,19;1,60;0,10;9,39;0,76;2,81;5,04;2,93;0,14;12,27;2,87;5,82;2,51;4,81;4,48;1,13;0,16
3,01;11,81;2,13;4,74;11,81;8,34;1,92;4,87;0,33;2,78;2,30;1,52;0,51;1,21;1,69;2,76;2,78;6,83;0,60;0,16;2,39;2,45;2,58;4,21;10,15
0,78;0,86;14,00;2,20;0,04;4,68;2,33;0,72;6,33;2,81;2,35;2,80;2,48;0,56;4,23;1,82;8,87;17,57;3,03;5,90;2,60;4,46;2,76;6,19;0,69
2,35;10,12;0,26;0,46;3,03;9,61;2,56;5,24;6,75;7,69;2,31;3,29;0,23;1,56;2,51;7,04;9,15;4,76;1,35;0,44;0,82;1,62;1,63;0,45;0,85
1,48;3,26;1,12;7,22;6,51;10,02;0,12;12,46;7,52;10,69;0,30;2,21;1,29;13,43;0,81;7,97;2,42;0,52;6,16;5,13;2,86;17,14;3,81;2,76;6,70
2,16;2,97;13,86;2,14;0,58;2,01;6,77;17,63;2,67;4,26;2,24;3,78;0,84;2,90;1,22;4,57;1,51;0,09;0,41;22,84;16,47;6,44;1,63;0,01;0,66
1,34;7,36;0,17;3,65;1,06;2,66;1,28;3,04;5,82;2,70;0,09;17,99;1,41;3,26;0,36;4,37;5,43;5,74;10,52;8,05;8,96;6,58;0,56;1,28;5,68
6,50;0,51;5,57;2,78;5,10;2,48;13,27;10,95;11,07;0,83;6,68;2,79;2,85;9,50;0,86;0,65;1,39;3,36;1,52;1,99;12,25;18,45;0,81;2,83;3,67
0,02;3,17;3,77;1,91;0,03;0,82;12,92;0,85;1,68;1,46;2,32;0,85;5,96;1,09;7,48;2,83;5,26;2,79;4,36;3,08;8,38;0,27;2,56;0,91;2,24
20,25;15,15;2,38;4,45;14,41;4,78;2,20;3,53;4,93;0,46;5,40;3,57;5,58;3,36;1,26;9,64;0,14;2,21;4,57;0,18;8,84;1,98;1,91;10,24;15,74
8,91;0,49;0,43;2,92;0,75;4,40;0,95;4,50;4,48;10,80;4,37;3,16;11,69;4,34;0,63;3,30;0,83;4,72;2,57;2,51;7,63;0,99;5,00;2,64;5,62
0,94;0,26;4,51;4,80;1,12;4,30;0,26;0,60;0,54;3,99;7,45;0,51;0,27;6,31;2,46;3,28;9,79;2,89;1,44;5,68;0,75;2,53;4,89;4,58;1,38
1,34;3,38;5,36;0,74;4,32;3,73;7,55;5,29;9,11;0,33;3,72;2,64;6,20;0,39;1,36;4,98;3,91;3,54;4,34;6,07;2,30;4,40;7,19;2,82;2,93
1,28;0,29;3,34;6,08;3,30;4,24;3,75;1,42;1,93;0,41;0,09;6,22;8,81;2,23;2,95;3,86;9,76;2,83;0,60;0,36;2,48;0,61;3,06;8,16;7,68
2,30;7,96;0,71;6,77;2,07;0,31;2,51;4,28;3,88;1,58;9,24;13,51;2,25;0,84;7,26;0,58;10,69;0,66;0,70;5,12;0,06;10,75;0,60;4,56;11,47
3,11;0,26;4,15;4,89;7,06;3,01;2,03;1,75;2,38;0,55;2,80;1,89;2,04;1,13;9,97;2,62;7,75;6,28;2,42;1,24;0,59;4,32;2,38;0,10;0,57
0,42;1,35;2,27;2,81;1,26;1,78;2,27;2,08;3,74;1,91;1,77;10,66;4,88;14,22;0,06;8,30;1,17;6,22;5,01;5,52;4,52;12,11;3,61;1,60;10,72
3,04;1,12;4,77;1,06;3,53;0,31;1,52;1,14;0,20;6,65;7,00;0,27;4,53;3,51;2,02;3,88;4,47;0,44;2,42;2,38;4,14;2,23;0,75;2,19;1,47
3,27;7,67;11,20;4,75;1,72;6,93;1,61;2,25;2,23;7,43;13,45;1,47;5,11;0,85;0,60;3,29;22,13;7,23;11,95;13,36;2,37;3,07;0,65;1,11;0,89
1,59;2,72;3,05;3,03;0,18;1,58;1,82;8,05;0,08;0,37;0,47;5,24;0,35;0,01;3,72;2,41;2,64;2,80;3,61;0,71;2,87;11,51;0,30;5,48;10,56
3,23;3,93;0,45;3,18;8,99;0,24;1,43;13,66;2,81;0,40;2,95;0,07;3,27;6,79;1,00;0,33;1,76;1,66;3,40;4,33;0,03;4,46;1,08;4,99;0,08
4,35;2,20;2,09;1,73;4,76;2,34;0,12;4,66;10,70;5,41;0,65;5,33;1,42;7,76;3,08;0,78;3,51;0,61;2,65;1,71;0,12;4,92;2,44;3,69;0,79
6,47;5,04;6,90;12,38;3,16;0,88;2,82;4,74;6,09;0,33;11,97;2,60;10,84;0,50;5,82;2,11;2,29;4,01;0,02;24,52;7,87;10,15;7,06;0,96;17,95
11,42;1,94;3,31;3,88;3,40;30,26;1,95;2,86;9,17;8,30;0,89;0,12;3,69;0,34;1,99;3,56;0,64;28,82;2,91;2,22;2,49;3,12;0,83;2,43;0,10
4,90;1,43;1,14;8,61;0,05;1,58;7,77;0,32;4,46;4,92;9,12;3,32;1,87;2,39;3,79;7,37;0,22;11,91;9,38;14,37;6,34;11,83;10,21;4,23;2,31
8,71;4,73;0,42;1,46;0,89;1,28;2,25;2,19;3,16;2,99;5,82;4,55;0,15;2,79;3,03;8,19;9,91;6,15;3,22;2,75;6,60;0,94;3,20;9,43;0,29
1,07;1,85;3,74;2,13;0,71;7,84;2,74;3,47;3,87;6,94;2,25;0,31;5,96;8,56;10,52;4,14;3,84;2,44;0,60;3,27;3,93;3,37;0,16;1,14;4,36
0,41;1,91;7,01;2,34;1,12;1,24;1,46;3,17;1,86;6,71;5,03;2,10;1,54;1,76;5,67;2,12;1,10;0,56;8,90;3,02;1,93;0,27;0,38;2,08;0,68
0,03;0,70;5,77;2,43;1,58;0,22;2,02;19,02;0,40;4,93;1,30;1,47;7,01;0,64;9,12;0,43;1,67;1,08;7,59;10,66;6,80;1,33;1,38;2,26;1,33
2,06;3,67;3,46;6,66;3,80;9,99;0,05;1,93;7,27;0,76;0,14;1,78;18,17;2,03;3,89;1,49;10,23;12,16;4,10;5,12;5,51;1,67;2,46;1,67;4,43
12,99;0,32;5,73;5,64;8,62;0,96;2,01;1,50;4,05;6,46;0,73;10,61;0,74;7,63;8,48;0,22;1,90;0,92;1,16;1,19;0,35;1,92;3,90;1,72;5,01
8,29;4,67;0,45;1,58;1,83;2,69;1,37;2,07;2,28;3,57;2,25;1,44;5,15;1,62;0,71;3,90;2,89;0,59;0,15;3,42;1,05;2,17;14,94;4,38;0,69
6,79;1,25;2,58;7,19;6,22;0,87;2,85;0,48;0,19;9,08;2,39;1,61;2,33;0,20;3,60;5,77;3,52;6,28;1,30;0,15;6,90;0,38;1,41;5,74;0,08
5,66;0,59;3,90;9,06;4,06;6,02;7,10;0,13;3,02;1,91;0,10;1,68;1,28;0,46;2,50;0,34;7,08;0,63;3,59;5,29;2,16;1,98;14,42;6,55;0,61
0,32;1,23;1,76;2,74;0,40;9,61;6,01;0,84;0,04;1,21;1,79;4,08;10,59;1,37;1,26;1,11;1,95;0,66;9,62;1,92;6,74;2,42;2,46;0,92;7,78
6,92;5,99;0,30;0,40;1,33;3,36;1,50;0,67;1,50;1,62;1,18;8,62;16,29;2,92;0,33;0,62;8,62;13,30;3,14;0,45;3,38;5,92;6,11;4,68;16,31
3,25;2,31;3,30;1,80;2,49;4,59;1,90;7,63;13,28;1,02;3,51;1,47;1,00;8,60;0,94;1,07;4,57;5,23;8,40;2,23;3,97;1,16;7,57;1,46;1,66
0,54;3,31;3,92;3,45;1,85;1,02;31,22;0,69;12,69;2,21;5,75;0,69;2,99;2,61;4,16;10,90;7,80;3,70;0,06;0,50;2,38;2,20;6,34;1,64;0,82
12,27;3,81;5,32;13,36;0,45;9,88;0,48;3,97;3,98;8,15;3,03;20,96;5,11;0,00;1,97;0,47;2,20;12,55;0,89;8,69;2,60;0,59;12,56;0,84;4,11
2,24;0,19;2,93;1,39;10,01;0,05;1,61;5,34;11,15;2,46;1,95;5,07;3,16;7,43;0,48;1,80;8,24;0,99;0,98;3,43;0,46;4,03;3,21;9,99;0,56
4,99;11,16;0,90;5,35;4,82;4,28;2,75;4,82;2,03;3,49;8,34;9,09;1,22;2,02;0,73;6,99;7,49;1,17;1,89;5,49;0,71;10,95;8,93;4,12;9,08
7,17;0,55;3,94;4,13;4,78;14,84;3,51;19,67;0,54;0,30;2,29;2,05;0,26;0,47;1,64;3,13;4,45;0,55;1,80;9,42;1,74;0,21;5,43;4,05;2,96
3,70;11,08;2,50;1,48;1,83;0,28;9,55;8,75;11,21;0,36;4,75;6,74;3,39;12,24;8,72;0,42;8,29;6,16;20,78;1,41;11,28;2,28;10,04;2,40;8,08
4,67;5,92;3,68;1,38;0,46;3,79;0,48;1,63;0,42;7,68;1,87;3,50;0,26;3,11;2,32;0,54;1,39;3,45;3,13;1,75;2,56;2,57;0,42;4,37;2,13
3,76;2,88;5,82;2,43;1,89;2,99;9,43;5,24;6,20;3,04;8,18;2,67;0,18;3,11;5,54;3,21;0,08;5,70;2,28;6,11;4,90;25,03;9,55;4,83;1,51
1,49;8,99;23,71;1,05;1,96;3,78;0,62;3,88;3,82;1,18;6,29;8,51;3,90;2,70;3,58;0,25;7,22;1,40;15,51;4,59;1,66;13,33;1,65;0,28;3,36
0,65;6,71;3,18;1,16;3,82;0,46;1,34;2,64;4,84;6,28;3,02;5,64;2,32;0,38;10,27;4,22;15,97;1,10;2,15;0,81;1,21;0,40;2,92;5,86;0,21
14,22;2,77;5,44;6,47;1,02;6,35;5,00;1,16;8,32;6,39;12,81;16,22;3,44;2,00;2,14;4,57;1,63;2,79;1,03;0,07;1,23;5,56;11,17;7,75;0,13
6,72;2,92;6,05;0,47;0,71;8,28;5,60;15,86;22,16;0,90;4,37;3,37;2,06;2,36;0,77;10,48;5,34;0,20;0,43;7,03;0,39;0,47;7,70;4,51;0,39
1,85;5,37;7,36;0,13;5,48;7,16;0,49;1,76;0,33;9,16;0,41;2,28;0,20;3,71;1,06;2,06;11,65;0,83;4,67;6,62;0,67;0,72;28,95;1,80;4,74
9,96;8,22;10,30;2,76;1,28;3,22;1,81;0,07;2,83;0,51;5,20;2,63;0,79;6,31;4,51;9,33;0,32;7,34;1,96;4,95;2,47;2,21;5,11;2,51;1,42
1,46;3,19;0,86;4,56;0,40;9,05;0,28;1,12;8,77;2,01;4,04;0,71;2,69;4,40;3,52;3,85;0,81;4,63;5,95;0,05;7,21;5,37;2,82;1,52;10,24
2,23;7,48;4,08;3,75;1,38;4,03;2,34;0,69;1,59;1,48;10,43;3,11;1,49;5,05;0,66;0,11;1,85;5,73;6,59;2,06;0,87;0,39;4,14;10,42;5,66
8,76;1,44;1,59;1,00;5,75;0,02;1,51;0,23;4,89;0,91;6,12;4,08;6,48;6,59;9,62;1,62;0,59;0,42;2,74;3,98;4,18;1,07;4,32;1,68;4,29
2,97;1,25;4,93;4,59;1,12;2,72;5,58;0,76;6,66;5,15;2,29;1,81;0,15;0,71;4,39;1,72;12,40;0,04;6,08;1,01;3,14;5,48;6,09;1,45;4,32
1,61;13,81;0,46;9,12;10,63;0,33;11,17;1,82;5,94;1,76;2,04;0,35;0,08;3,98;0,58;1,46;6,15;10,00;7,73;6,98;5,64;1,85;0,57;0,90;8,31
2,43;1,07;0,35;1,90;0,28;6,60;0,21;2,23;1,73;2,35;1,54;2,19;3,00;0,26;4,15;0,88;2,52;1,81;9,18;2,98;3,21;4,00;0,63;0,94;1,70
2,07;3,90;1,40;3,14;8,45;8,28;4,51;9,89;2,41;1,53;7,21;0,02;4,07;1,31;3,57;3,01;0,61;1,13;5,01;3,36;2,09;1,30;1,23;2,91;10,43
9,97;7,13;2,59;2,11;5,02;2,49;0,17;18,81;3,48;2,62;9,40;0,92;5,49;3,35;1,31;6,23;3,08;21,85;1,01;11,22;6,32;7,93;3,13;2,79;3,54
5,46;1,05;1,66;0,77;10,30;8,50;21,41;8,79;11,29;6,40;1,32;10,79;0,83;11,43;4,67;1,69;12,83;0,49;25,92;0,80;9,06;1,29;1,40;1,09;2,44
0,24;1,23;2,75;2,23;5,31;4,61;15,51;2,62;22,15;1,36;0,47;0,52;8,35;13,84;0,16;6,69;2,04;6,14;2,87;3,70;6,04;4,11;7,43;2,85;6,44
13,44;1,85;0,64;3,54;1,51;0,06;3,77;3,32;8,96;3,64;2,50;10,64;0,36;3,95;5,30;0,98;6,65;5,63;0,26;14,63;1,96;0,36;0,08;2,32;3,20
2,63;0,96;3,06;2,35;0,90;1,34;2,52;2,15;2,37;0,27;3,46;2,00;11,67;1,38;1,61;2,12;7,08;4,07;8,25;0,46;7,03;1,03;0,19;0,80;2,59
3,06;1,00;10,42;0,54;3,17;8,40;0,34;0,87;4,28;2,92;1,95;3,08;11,55;0,13;0,64;0,27;0,64;10,47;5,19;2,21;1,16;2,59;0,69;8,95;2,19
0,37;1,94;16,42;1,96;5,96;8,38;3,38;12,64;0,28;4,34;4,45;0,37;5,46;9,18;0,65;12,08;1,33;4,98;0,17;4,82;7,43;1,58;4,49;0,95;3,13
2,34;5,74;3,66;0,94;0,69;4,62;0,74;2,38;0,54;0,35;1,47;0,45;6,93;3,72;0,19;0,76;6,18;4,70;2,12;8,55;1,52;4,54;2,01;0,46;2,82
3,07;12,70;8,10;1,36;4,68;11,45;7,48;4,88;0,64;6,05;0,01;5,73;0,19;8,58;1,21;5,58;3,99;1,12;18,50;1,63;6,50;5,10;3,30;2,18;26,09
9,60;0,83;8,42;2,50;2,50;14,40;2,45;11,32;2,17;8,56;2,38;2,86;3,25;1,07;16,43;5,25;0,86;0,19;6,66;5,22;8,95;3,34;7,07;7,64;3,37
4,80;2,05;0,94;4,89;5,32;0,43;5,78;1,49;0,29;10,83;7,11;2,33;0,95;9,65;0,43;0,67;0,60;2,19;1,45;9,31;0,89;0,55;3,14;5,28;0,14
0,78;4,08;2,85;2,84;7,24;12,95;1,13;1,21;1,27;8,49;4,13;2,83;2,62;1,42;0,45;13,18;1,46;1,58;3,76;0,12;22,54;4,48;3,61;6,79;1,93
7,03;2,42;3,81;5,18;2,69;2,81;0,94;1,58;7,50;2,28;21,58;1,14;1,29;0,05;8,94;11,72;8,97;1,19;11,57;6,38;2,59;1,55;4,69;5,18;1,02
0,02;13,91;2,74;6,22;4,38;0,87;4,07;13,67;4,23;6,26;1,83;7,31;0,38;9,43;4,59;12,51;1,63;0,75;0,20;1,28;0,19;7,99;9,99;1,18;2,64
1,31;0,52;1,78;2,13;0,36;1,83;1,52;2,49;5,29;4,55;5,23;1,24;3,86;2,21;0,79;1,77;1,34;2,69;4,26;1,95;5,61;4,05;6,27;5,91;16,57
4,77;16,20;0,99;0,01;2,84;1,76;0,20;2,47;13,77;0,73;0,78;4,33;0,34;6,00;3,89;4,34;1,83;0,99;0,23;0,64;5,96;2,04;0,11;2,07;2,78
10,62;9,73;0,62;4,17;1,66;2,74;7,90;1,07;3,69;0,62;0,28;6,11;2,02;5,01;1,94;11,64;0,19;8,04;0,11;4,78;1,13;6,10;0,68;0,37;2,05
2,62;1,84;2,37;0,47;0,10;0,53;9,29;1,21;2,70;6,68;3,66;1,46;4,48;2,13;1,85;5,42;0,27;1,71;2,60;1,34;4,47;1,52;4,82;5,57;0,80
1,37;6,89;17,35;2,80;4,18;4,12;1,07;2,11;2,25;0,88;1,00;2,08;3,43;2,59;5,68;2,02;2,01;0,27;1,80;6,43;5,64;0,08;3,42;1,37;15,21
6,14;1,26;6,00;1,88;2,86;3,87;4,16;1,90;17,02;0,52;9,04;1,40;0,90;1,98;0,33;0,75;6,10;1,39;6,25;3,51;1,82;4,67;0,40;1,41;0,54
4,73;0,74;6,59;4,72;4,71;2,32;1,42;9,15;2,22;0,44;6,91;0,24;14,98;9,32;2,85;5,21;3,19;0,72;1,02;4,39;7,75;6,51;0,39;4,87;0,34
3,66;10,81;0,30;0,85;1,18;1,60;0,83;15,40;12,47;9,44;2,93;0,59;5,04;7,35;11,46;8,33;8,50;1,50;1,56;0,32;0,03;0,20;1,35;3,30;1,85
1,44;6,54;2,40;2,90;8,97;0,99;2,88;3,27;3,35;17,22;6,34;10,07;1,03;4,16;1,47;2,97;7,88;9,93;0,85;1,42;5,42;4,38;5,30;0,37;5,61
2,87;1,08;4,52;2,52;15,28;2,45;1,18;3,25;6,67;0,97;4,59;0,90;4,21;2,51;0,16;2,72;7,68;6,17;3,60;2,06;7,11;4,38;4,17;3,10;2,22
2,17;1,32;3,62;4,51;1,03;1,80;10,01;3,78;3,23;4,45;4,44;9,42;6,42;1,47;3,88;9,79;5,64;3,42;5,02;3,22;11,35;1,66;6,95;16,99;0,13
0,30;0,88;1,77;0,92;3,94;0,94;1,78;0,66;4,94;0,60;9,94;0,61;0,23;0,05;6,81;2,30;2,14;1,84;4,38;2,34;5,45;6,99;11,27;2,23;2,23
3,08;0,61;2,83;4,93;0,94;1,80;3,26;3,81;2,01;6,91;5,96;3,53;12,55;0,08;1,23;4,16;17,97;6,33;1,80;5,82;0,09;1,84;2,59;0,25;0,30
1,15;0,82;5,82;9,71;5,87;2,29;4,32;2,97;2,72;1,19;0,20;3,39;4,51;1,40;5,84;9,45;2,25;6,91;2,06;7,90;7,31;8,14;6,56;6,13;1,80
6,50;1,62;0,63;0,08;5,08;3,34;0,60;1,54;3,60;3,48;5,36;5,92;5,02;0,78;0,92;4,54;9,61;6,00;5,00;3,38;4,15;3,63;3,02;2,87;0,05
4,38;0,30;3,97;0,02;0,62;12,04;2,89;9,29;1,27;3,25;4,30;9,42;0,03;4,61;4,47;0,07;1,47;1,67;0,56;0,27;1,01;8,41;4,68;6,50;0,85
8,62;6,55;8,01;9,68;2,82;3,35;0,07;0,68;9,88;0,16;5,94;1,81;1,95;1,88;1,50;16,66;6,62;2,91;0,07;2,29;9,41;5,37;7,67;0,24;6,13
0,06;0,81;1,16;4,17;0,79;0,67;7,45;0,10;1,08;0,02;2,98;10,65;7,16;5,34;5,48;7,23;2,89;0,79;10,80;0,26;0,67;13,55;13,70;10,79;1,11
2,24;0,14;1,05;1,79;1,82;1,35;2,34;5,41;9,61;3,70;2,10;3,20;6,36;2,70;8,45;3,67;0,16;0,20;5,97;0,29;2,63;9,82;7,39;5,18;0,68
6,37;4,46;2,98;2,01;2,21;10,43;17,39;11,60;3,90;13,38;6,49;3,41;4,86;0,25;11,57;1,65;12,56;0,37;1,65;0,48;6,45;1,79;3,58;0,91;2,47
2,70;1,15;4,22;1,12;0,01;0,78;4,75;2,68;0,64;7,39;5,90;5,41;0,41;8,62;0,63;1,64;2,79;6,17;6,35;7,08;5,11;5,54;0,32;4,73;3,04
0,02;1,07;0,93;7,41;3,13;1,26;1,49;9,49;1,48;10,93;0,44;8,33;4,17;0,33;0,08;1,31;0,40;1,79;0,80;7,20;3,93;6,11;1,14;6,01;2,80
2,88;5,64;2,45;2,59;8,39;2,74;3,57;0,46;15,03;10,66;5,53;3,10;2,83;2,90;1,90;4,08;6,24;11,93;11,62;0,21;3,22;3,86;0,03;11,67;5,87
6,45;0,61;4,96;10,43;1,66;5,36;2,44;5,12;8,43;0,26;5,13;13,06;2,59;22,56;0,34;0,34;4,72;7,24;1,72;0,93;1,49;2,72;0,95;7,74;1,05
3,49;9,21;3,46;1,07;7,29;1,04;0,71;5,34;3,34;2,03;5,81;4,95;1,43;0,21;0,34;3,27;0,27;8,92;0,98;2,00;0,69;4,99;16,99;6,33;5,99
14,89;1,74;5,46;9,68;1,22;2,76;6,54;2,38;4,44;4,11;6,90;7,34;5,29;1,35;3,79;5,66;2,15;2,26;2,21;2,95;3,58;0,31;0,88;0,12;11,93
0,10;4,77;1,30;3,45;7,31;13,73;0,53;1,26;2,52;2,61;3,22;3,17;2,68;0,81;5,69;1,31;1,21;2,48;2,43;2,21;2,43;4,49;2,03;2,08;0,95
0,83;0,94;1,48;0,01;3,38;2,09;5,00;12,05;5,48;4,09;1,16;9,43;7,20;4,50;4,76;5,06;4,47;5,22;0,64;1,24;2,50;2,53;3,36;3,00;0,50
2,46;2,44;4,26;6,32;1,49;0,77;1,47;7,55;12,85;0,02;8,22;0,65;2,94;5,56;0,30;1,11;3,72;2,04;4,01;2,38;3,94;6,13;1,25;2,79;1,02
6,70;0,99;5,24;3,44;7,22;3,49;0,47;8,40;4,45;0,80;0,80;8,40;1,24;5,10;0,50;1,98;5,23;1,27;1,78;8,90;1,13;1,85;7,58;1,34;3,85
0,64;1,37;7,20;5,41;8,64;3,12;5,71;5,68;0,85;13,71;2,50;2,87;0,21;23,91;14,52;1,40;0,30;0,84;1,12;6,70;1,74;2,35;0,48;3,95;6,40
3,49;2,68;1,75;13,32;4,71;1,69;0,66;0,20;1,87;0,69;1,82;1,00;8,39;5,81;0,87;1,48;3,11;8,79;4,01;14,76;10,84;0,91;2,85;0,16;4,11
3,70;0,61;2,28;0,27;1,03;1,49;0,95;1,66;7,45;2,49;5,39;3,15;11,18;2,64;8,72;8,24;5,62;0,69;2,40;7,02;0,54;0,53;10,56;0,69;2,53
1,03;4,92;11,15;2,82;6,82;4,09;4,28;2,49;1,30;0,23;1,08;1,47;3,89;0,43;1,08;4,30;5,84;13,14;8,52;1,49;3,16;5,35;0,35;2,39;12,05
1,33;0,12;1,59;3,22;1,01;5,19;0,95;3,36;24,50;3,97;0,32;3,18;2,43;0,10;1,50;7,28;0,65;1,69;1,66;1,59;6,70;0,38;0,91;0,30;0,02
3,53;3,91;6,33;1,10;0,68;4,28;7,36;1,97;1,72;9,04;3,23;4,77;5,73;9,99;7,53;0,73;8,66;9,99;6,59;0,50;3,83;0,93;5,01;3,36;7,51
0,96;1,47;1,56;2,56;3,43;1,57;4,67;1,63;5,86;9,88;9,92;3,76;0,29;0,96;3,97;4,63;1,78;4,03;11,63;5,11;0,01;1,89;1,84;11,64;0,18
1,79;3,84;1,46;4,32;14,26;2,54;5,50;5,35;9,01;0,64;0,39;11,79;1,77;1,78;6,21;7,05;10,00;0,77;1,18;3,89;2,72;0,57;5,27;3,09;10,79
0,40;1,35;2,06;0,21;11,59;2,66;7,43;0,72;1,01;1,86;6,68;4,10;3,72;9,26;4,81;4,79;4,75;7,17;3,74;2,54;1,55;7,10;6,73;1,23;0,82
2,41;11,04;0,95;1,11;4,12;4,73;2,69;9,07;2,51;2,60;12,18;3,08;2,65;1,47;14,36;1,75;0,48;5,29;3,00;2,35;6,86;0,03;6,62;0,79;4,03
0,80;1,22;2,86;6,05;0,87;2,04;1,49;1,59;6,55;0,55;1,23;5,97;5,29;6,26;5,30;7,84;4,83;5,20;1,15;4,09;4,88;7,65;3,73;0,51;4,35
0,50;4,13;1,93;2,69;5,37;3,06;0,84;3,42;1,00;6,13;4,15;8,91;11,36;8,18;4,21;1,49;0,90;1,17;11,79;2,08;14,20;6,71;5,80;15,98;5,24
5,15;9,07;0,95;2,93;6,88;0,88;4,63;3,30;6,79;3,64;4,08;4,42;0,09;0,11;8,03;0,36;3,22;19,73;15,88;12,45;0,55;8,70;5,55;2,06;3,47
0,65;0,19;0,31;1,45;5,11;4,11;1,61;0,80;1,06;0,79;5,20;2,55;0,30;0,28;0,50;1,40;2,70;6,37;2,00;3,83;0,69;1,01;0,17;3,10;2,54
0,20;1,33;2,07;1,03;2,28;0,57;2,09;0,47;3,84;9,69;6,20;0,50;17,45;12,37;4,29;19,07;0,47;0,88;0,61;0,83;7,23;1,31;9,87;1,74;2,99
8,40;0,95;1,56;0,98;6,36;2,42;2,41;10,15;0,15;0,95;3,91;3,74;3,50;3,87;0,92;0,02;2,20;5,73;0,64;3,34;5,97;2,58;0,33;3,24;2,60
0,79;2,34;14,59;1,84;6,66;0,10;2,50;8,58;2,09;3,91;5,28;5,98;5,66;9,83;8,96;5,02;4,69;7,96;0,22;2,50;0,99;0,35;2,61;6,27;1,57
0,44;8,95;10,15;2,71;3,17;1,95;9,47;1,32;0,69;2,34;6,29;6,54;1,75;3,55;6,34;1,87;1,64;8,04;3,85;1,87;4,70;8,34;6,57;1,55;0,72
8,59;2,50;12,32;2,47;1,07;2,61;2,52;6,42;2,24;1,96;6,53;0,08;5,47;13,98;12,23;4,30;0,77;2,42;0,67;0,74;3,18;6,96;12,20;2,97;1,05
3,28;5,83;5,70;1,84;6,83;7,40;2,42;0,72;3,03;1,90;1,67;6,96;1,63;0,06;3,00;2,39;7,20;12,11;3,59;2,53;2,37;0,71;1,90;8,43;12,94
3,98;23,02;0,94;12,16;9,90;1,32;3,42;4,80;2,78;0,86;0,49;0,67;1,82;3,09;2,10;1,63;2,10;1,70;5,50;12,33;1,81;3,99;0,05;4,60;5,42
15,55;0,22;0,26;5,56;2,40;2,32;3,70;7,42;2,09;0,89;9,15;8,60;1,28;9,20;3,56;1,11;2,80;9,04;3,19;0,89;3,27;0,75;4,58;13,90;0,71
1,63;1,19;2,44;7,84;5,56;0,56;8,14;2,35;1,96;1,31;3,38;2,61;2,71;12,91;4,60;1,61;6,59;7,22;4,42;2,66;0,21;1,34;4,22;2,28;6,58
6,19;1,54;0,73;5,22;8,84;1,13;1,09;0,02;6,55;3,38;3,73;1,19;4,26;7,50;1,77;0,21;6,82;4,22;2,67;11,18;3,67;4,16;14,16;1,07;1,16
4,74;1,91;13,51;0,83;4,37;2,03;0,28;13,09;2,91;9,68;0,88;0,89;4,84;0,42;5,85;7,33;0,14;12,47;6,26;5,36;0,48;0,84;2,17;9,84;10,36
5,27;2,14;0,44;2,33;2,56;0,09;6,21;1,01;0,67;7,86;4,41;1,09;7,89;1,14;1,45;3,19;2,26;0,27;12,05;0,87;0,70;0,41;1,41;0,06;2,85
1,16;0,75;1,62;5,76;10,05;9,14;4,96;18,34;0,55;6,32;2,13;8,20;1,66;0,81;0,32;9,91;0,03;20,20;3,26;5,11;2,31;2,61;6,21;4,23;3,35
5,98;0,41;0,77;7,62;19,53;0,54;4,02;13,35;0,74;3,40;4,53;0,28;8,05;4,82;2,36;0,83;0,19;4,65;15,67;3,00;1,62;2,37;12,68;2,94;0,50
0,18;0,47;8,23;1,72;8,58;0,81;6,69;2,08;1,65;6,35;2,31;3,71;1,11;2,69;5,05;3,12;5,07;3,08;1,76;3,43;2,72;15,63;4,47;8,82;1,79
2,96;5,48;1,09;0,06;0,21;1,43;9,21;0,55;4,39;4,15;0,88;0,43;0,92;0,70;4,21;13,41;5,63;3,63;5,49;4,09;2,05;1,71;3,22;26,50;9,22
10,21;12,25;0,90;0,81;0,64;2,13;1,22;2,85;0,07;0,68;7,90;0,52;13,50;6,69;8,88;0,12;6,97;0,46;6,87;2,16;8,50;4,08;3,81;2,98;0,30
9,12;6,15;0,18;1,55;3,67;4,62;2,88;6,91;2,08;2,21;0,08;0,28;1,62;5,04;3,95;0,31;1,13;1,45;3,01;8,07;7,52;5,99;0,74;5,58;0,78
16,80;8,10;1,44;0,27;5,94;8,15;0,66;1,12;1,89;1,77;2,94;1,31;0,98;8,03;2,11;0,28;10,02;0,33;4,20;0,08;1,78;0,81;4,52;7,40;0,99
1,57;2,66;7,10;3,53;2,67;6,17;0,80;10,11;0,26;6,36;13,04;5,06;0,88;3,35;0,34;3,59;1,09;1,71;0,88;0,97;0,37;6,45;3,56;12,37;0,56
0,09;7,82;1,05;3,41;1,10;2,16;0,92;5,35;4,03;1,01;2,52;3,99;6,95;2,12;2,85;7,42;9,89;3,80;1,98;8,33;0,30;10,19;4,50;0,01;12,24
9,93;5,97;2,98;5,48;3,58;2,94;1,00;5,80;0,48;3,65;3,15;3,79;2,69;6,01;0,94;5,69;0,75;7,34;6,65;0,37;0,14;4,11;2,85;4,51;5,39
0,88;5,40;2,73;4,39;0,39;10,68;2,43;9,02;2,00;2,97;0,49;4,82;0,73;2,60;13,19;0,27;3,73;0,85;10,16;6,35;8,76;10,18;0,80;4,89;4,75
2,27;4,49;1,62;1,46;2,20;6,96;9,07;1,43;1,95;0,98;4,92;1,08;3,53;6,81;1,97;8,36;5,67;5,91;4,21;0,81;5,07;2,30;1,41;1,61;0,36
1,68;1,00;0,55;0,48;1,34;5,26;6,52;10,86;4,03;12,38;0,59;0,70;1,96;0,94;8,52;2,15;0,35;2,01;3,10;1,45;0,78;3,55;5,46;2,11;0,26
8,20;2,04;6,19;5,74;17,04;9,80;2,63;4,78;1,26;0,74;0,35;1,83;14,81;0,95;2,83;1,07;0,21;2,29;1,09;2,39;7,69;1,48;2,37;5,19;2,39
11,94;3,23;1,99;5,21;2,92;3,30;1,21;5,94;5,28;0,26;2,73;2,00;3,13;3,76;4,47;0,98;1,60;1,38;0,69;1,74;3,65;0,99;8,30;2,18;0,40
1,82;6,89;2,01;0,41;0,21;1,89;9,74;0,65;1,85;1,50;0,44;1,35;0,24;1,88;2,84;2,00;4,60;2,35;3,20;5,22;1,48;4,30;1,16;8,44;2,19
0,08;3,13;3,45;8,90;1,91;0,39;0,66;4,92;7,05;6,39;7,60;3,23;1,96;1,24;2,32;4,77;0,77;0,50;0,38;0,42;5,86;1,42;5,60;1,10;3,26
2,86;5,04;10,71;0,41;2,22;3,74;5,85;3,47;3,14;0,07;3,12;6,50;4,86;2,90;2,45;11,16;2,14;3,49;0,92;2,72;3,58;3,89;2,18;12,00;8,84
5,27;1,87;2,22;0,50;1,32;4,99;2,66;2,37;0,01;4,02;1,01;3,21;2,72;5,10;5,75;6,79;7,36;2,10;1,13;4,85;0,44;7,98;2,30;0,67;0,98
2,57;1,16;0,95;11,70;2,54;2,70;27,53;14,02;5,64;8,78;6,43;4,00;8,57;2,15;2,80;0,31;7,44;1,57;4,30;3,57;5,79;5,01;0,70;3,11;0,47
6,08;1,35;3,97;0,06;6,89;0,14;7,24;1,34;19,74;1,97;6,84;3,43;0,57;11,89;4,21;0,96;0,06;2,69;7,44;1,52;6,27;12,67;18,52;7,34;1,23
2,89;3,40;0,08;8,48;4,53;4,05;10,00;0,25;0,48;1,20;3,42;11,76;2,01;0,67;5,25;1,72;1,55;3,57;7,55;0,99;0,65;4,86;2,13;4,18;1,40
4,50;3,47;5,59;3,35;2,95;0,87;2,19;4,96;1,94;4,93;13,86;3,36;2,75;3,57;2,87;0,55;3,59;13,30;9,00;4,87;2,40;0,22;4,32;1,79;4,00
5,53;1,56;6,31;7,92;1,28;3,61;2,20;0,95;5,34;0,72;5,54;5,91;0,06;0,29;2,12;3,38;1,60;0,76;0,15;1,04;2,78;0,46;5,42;0,94;3,91
0,67;5,33;5,50;8,74;3,82;2,15;2,82;0,15;2,22;6,80;5,46;0,56;6,46;1,74;3,21;0,42;0,60;5,49;3,20;0,76;3,13;4,45;1,04;0,15;0,16
11,47;0,01;3,83;2,16;14,63;2,41;1,78;0,53;5,60;2,79;1,58;3,77;4,93;7,70;3,09;2,91;0,42;8,23;2,46;0,41;12,19;0,68;4,52;3,88;0,83
2,22;7,67;1,20;0,69;2,03;3,21;4,77;15,39;0,53;4,00;4,15;2,70;2,27;2,23;12,25;4,66;2,31;1,05;13,14;1,16;7,55;1,15;0,75;10,41;4,40
3,44;4,98;3,55;3,11;4,33;5,45;0,70;2,51;1,71;1,03;5,06;3,38;0,08;0,08;8,44;1,34;2,10;3,17;5,78;4,83;4,49;3,57;1,59;8,37;0,69
19,90;5,51;1,09;0,89;1,37;4,09;1,74;6,53;1,52;7,07;0,76;2,18;0,93;3,00;0,40;2,92;1,59;13,49;5,22;1,97;1,64;2,89;4,48;7,30;5,96
0,63;0,20;3,96;10,31;0,29;2,19;5,94;6,85;21,29;8,01;5,37;2,31;3,70;5,76;2,04;1,35;6,01;0,04;0,17;0,99;0,24;21,60;1,57;4,19;3,36
3,01;0,78;6,12;0,38;1,95;3,24;1,73;1,43;2,13;1,97;6,44;2,10;0,23;0,06;3,20;0,49;1,49;1,54;0,21;1,43;7,93;0,15;0,85;4,19;1,32
2,87;0,51;1,74;0,53;3,16;2,15;0,04;0,75;3,91;0,68;0,44;0,45;6,55;1,96;4,98;1,68;0,84;5,72;3,57;14,05;0,86;3,99;0,61;0,02;1,27
1,44;1,35;6,78;0,90;0,52;15,78;1,98;5,09;0,58;14,77;2,40;3,20;0,54;1,62;6,43;3,36;0,92;3,71;0,04;3,29;20,81;0,22;7,83;0,24;0,77
2,64;10,99;26,29;0,68;9,62;1,64;6,16;5,62;3,74;1,27;1,67;1,67;4,93;1,48;2,50;3,93;3,21;0,61;1,88;5,49;15,26;4,33;5,62;12,33;0,31
5,11;11,36;0,87;1,66;1,18;0,46;4,03;8,77;3,44;1,23;0,32;4,28;3,55;5,58;11,63;5,59;2,12;1,25;0,36;1,42;1,15;2,80;2,75;2,60;1,36
5,13;0,58;0,06;3,47;17,38;2,58;1,97;3,85;2,10;0,00;4,11;4,23;0,74;0,01;6,34;1,44;0,25;3,28;26,89;0,18;7,30;3,72;5,55;0,49;4,22
1,34;3,68;6,53;1,53;3,78;2,44;2,04;4,28;0,63;18,36;2,93;1,11;4,45;1,65;2,25;3,57;16,41;4,30;2,08;2,51;3,13;1,17;3,18;1,50;4,67
6,65;5,94;1,14;5,37;7,69;11,78;3,98;4,83;1,94;0,36;1,33;3,42;4,15;7,45;2,33;0,87;12,60;3,41;10,91;2,89;3,26;1,14;0,59;1,34;4,49
5,79;3,82;1,45;1,60;3,51;0,15;6,50;5,96;1,76;11,40;0,61;1,17;3,69;1,35;5,28;2,41;0,12;0,00;0,98;0,32;7,26;21,33;0,01;6,63;1,09
4,00;5,80;1,42;7,59;1,84;8,45;3,65;8,45;6,54;3,96;2,90;0,18;0,60;9,25;1,84;11,80;6,12;3,06;14,22;3,31;4,16;7,15;4,84;0,93;14,09
0,47;6,12;1,43;1,67;0,07;2,35;1,53;6,28;0,35;0,94;0,18;1,89;2,62;3,59;4,35;2,75;3,70;6,08;0,47;3,27;1,41;14,50;3,54;10,75;4,68
4,71;0,28;6,24;1,25;2,22;6,18;2,23;5,77;7,13;4,26;0,26;0,32;6,22;3,22;2,55;12,64;3,49;2,95;2,48;8,91;1,69;2,35;0,56;2,10;2,80
2,34;7,18;4,66;5,44;7,45;1,22;2,39;1,23;0,83;13,06;7,56;4,31;4,24;1,85;3,03;11,25;1,74;8,75;3,74;4,73;6,30;8,15;3,81;3,01;0,30
6,89;1,87;10,02;3,92;1,81;1,18;0,55;1,95;0,89;0,31;14,83;3,60;19,00;2,63;7,56;4,22;3,74;7,09;3,83;6,76;3,67;1,97;4,58;0,43;3,92
10,55;1,25;0,09;0,83;0,46;0,57;3,23;5,95;3,75;3,20;0,10;1,16;3,05;3,54;0,27;3,01;2,48;4,62;0,35;4,24;5,61;7,12;4,66;3,04;0,66
2,41;5,08;1,91;5,32;5,10;12,63;0,20;7,36;1,91;5,52;2,95;0,55;2,40;2,60;3,80;2,71;1,45;0,01;2,08;14,04;0,73;17,46;3,25;2,77;10,26
19,29;8,79;0,10;18,14;2,31;1,07;3,33;0,62;1,91;3,56;5,82;0,26;3,67;0,78;0,09;4,54;7,68;6,26;6,40;7,86;8,57;1,03;1,16;0,52;1,20
3,48;1,01;8,94;3,20;3,80;3,56;0,47;3,68;3,89;3,91;2,52;6,76;3,89;16,37;8,44;0,71;4,66;5,39;2,56;5,81;0,23;0,51;5,16;6,12;3,30
3,44;1,58;0,37;1,33;5,00;6,45;0,96;4,30;1,08;4,51;4,12;0,74;6,45;0,21;1,33;8,35;1,77;11,09;7,87;0,07;4,46;0,57;0,70;1,56;3,41
8,44;5,48;5,40;4,69;2,08;4,19;5,62;4,19;0,32;1,45;2,92;3,67;3,50;1,00;1,47;3,35;7,46;2,31;11,07;2,46;1,08;0,50;11,20;3,31;2,96
6,29;17,95;1,85;2,71;6,77;0,10;4,95;2,00;0,30;0,12;3,38;6,41;0,34;2,94;0,32;2,98;3,26;0,37;0,22;5,78;0,82;7,89;4,68;2,20;1,64
5,81;0,30;5,83;3,40;5,64;2,72;4,59;3,74;3,68;1,41;4,54;1,35;1,10;0,30;3,02;5,09;8,24;4,02;4,41;6,69;6,45;14,40;5,10;4,14;6,53
23,45;0,11;9,57;2,47;10,94;4,31;0,42;0,53;9,30;0,89;2,28;0,42;8,79;0,02;0,03;0,52;3,55;0,26;1,57;2,93;4,98;4,16;0,51;0,51;9,53
5,82;4,12;7,20;11,38;12,90;1,29;0,10;7,32;2,96;2,32;7,54;2,61;4,93;14,89;1,44;0,48;0,53;0,86;0,14;0,70;1,41;0,25;0,51;1,12;4,44
5,86;4,01;7,07;0,07;0,07;1,99;0,08;4,35;1,85;1,65;0,87;3,29;0,71;8,02;0,29;12,12;3,87;13,81;4,34;1,56;0,04;0,99;1,34;0,79;0,47
5,62;0,72;2,23;10,59;7,43;9,01;7,14;1,40;0,78;2,92;15,47;2,35;4,61;4,94;1,63;1,34;2,97;2,70;0,04;7,27;3,52;13,31;8,58;7,00;4,34
7,87;1,81;11,43;1,88;5,73;9,08;1,24;0,13;4,73;4,80;0,93;2,14;6,74;1,96;6,47;10,75;4,22;6,67;0,16;9,91;3,50;0,98;0,72;4,26;4,25